"Id","Activity"
7768,"sit"
7769,"up"
7770,"sit"
7771,"stand"
7772,"walk"
7773,"stand"
7774,"walk"
7775,"stand"
7776,"stand"
7777,"up"
7778,"sit"
7779,"up"
7780,"lay"
7781,"sit"
7782,"down"
7783,"stand"
7784,"walk"
7785,"down"
7786,"lay"
7787,"stand"
7788,"up"
7789,"stand"
7790,"walk"
7791,"stand_to_lie"
7792,"sit_to_stand"
7793,"up"
7794,"lay"
7795,"sit"
7796,"down"
7797,"stand"
7798,"lay"
7799,"stand_to_sit"
7800,"sit"
7801,"up"
7802,"lay"
7803,"lay"
7804,"lay"
7805,"down"
7806,"sit"
7807,"walk"
7808,"up"
7809,"down"
7810,"stand"
7811,"down"
7812,"lay"
7813,"stand"
7814,"sit"
7815,"down"
7816,"lay"
7817,"lay"
7818,"up"
7819,"lie_to_sit"
7820,"up"
7821,"lay"
7822,"walk"
7823,"stand"
7824,"up"
7825,"up"
7826,"stand"
7827,"stand_to_sit"
7828,"walk"
7829,"sit"
7830,"up"
7831,"down"
7832,"walk"
7833,"sit"
7834,"stand"
7835,"lay"
7836,"lay"
7837,"stand"
7838,"walk"
7839,"walk"
7840,"lay"
7841,"sit"
7842,"walk"
7843,"lie_to_sit"
7844,"lay"
7845,"lay"
7846,"lie_to_sit"
7847,"up"
7848,"up"
7849,"walk"
7850,"sit"
7851,"lay"
7852,"down"
7853,"walk"
7854,"down"
7855,"sit"
7856,"lay"
7857,"lay"
7858,"down"
7859,"up"
7860,"up"
7861,"walk"
7862,"sit"
7863,"up"
7864,"sit"
7865,"lay"
7866,"lay"
7867,"stand"
7868,"walk"
7869,"stand"
7870,"stand"
7871,"down"
7872,"sit"
7873,"stand"
7874,"stand"
7875,"up"
7876,"up"
7877,"lay"
7878,"down"
7879,"sit"
7880,"walk"
7881,"lay"
7882,"stand"
7883,"stand"
7884,"lay"
7885,"up"
7886,"down"
7887,"walk"
7888,"down"
7889,"lay"
7890,"down"
7891,"sit"
7892,"lay"
7893,"walk"
7894,"up"
7895,"lay"
7896,"down"
7897,"down"
7898,"walk"
7899,"lay"
7900,"lay"
7901,"stand"
7902,"stand"
7903,"walk"
7904,"down"
7905,"walk"
7906,"down"
7907,"up"
7908,"down"
7909,"stand"
7910,"walk"
7911,"walk"
7912,"up"
7913,"up"
7914,"sit"
7915,"stand"
7916,"stand"
7917,"walk"
7918,"stand"
7919,"down"
7920,"up"
7921,"down"
7922,"lay"
7923,"up"
7924,"walk"
7925,"sit"
7926,"stand"
7927,"lay"
7928,"walk"
7929,"walk"
7930,"stand"
7931,"up"
7932,"sit"
7933,"up"
7934,"stand"
7935,"walk"
7936,"sit"
7937,"sit"
7938,"stand"
7939,"stand"
7940,"lie_to_sit"
7941,"stand"
7942,"sit"
7943,"down"
7944,"down"
7945,"sit"
7946,"stand"
7947,"down"
7948,"lay"
7949,"stand"
7950,"down"
7951,"lay"
7952,"walk"
7953,"down"
7954,"sit"
7955,"stand"
7956,"up"
7957,"sit"
7958,"lay"
7959,"up"
7960,"down"
7961,"sit"
7962,"lay"
7963,"walk"
7964,"stand"
7965,"sit"
7966,"walk"
7967,"down"
7968,"up"
7969,"lay"
7970,"lay"
7971,"up"
7972,"up"
7973,"sit"
7974,"stand"
7975,"up"
7976,"sit"
7977,"sit"
7978,"walk"
7979,"walk"
7980,"stand"
7981,"lay"
7982,"walk"
7983,"lay"
7984,"stand"
7985,"sit"
7986,"walk"
7987,"stand"
7988,"walk"
7989,"walk"
7990,"lay"
7991,"sit_to_lie"
7992,"down"
7993,"walk"
7994,"sit"
7995,"up"
7996,"sit_to_lie"
7997,"sit"
7998,"lay"
7999,"lay"
8000,"walk"
8001,"lay"
8002,"down"
8003,"up"
8004,"up"
8005,"stand"
8006,"stand"
8007,"walk"
8008,"down"
8009,"stand"
8010,"walk"
8011,"stand"
8012,"down"
8013,"up"
8014,"walk"
8015,"walk"
8016,"walk"
8017,"lay"
8018,"up"
8019,"walk"
8020,"sit"
8021,"walk"
8022,"lay"
8023,"up"
8024,"stand"
8025,"stand"
8026,"down"
8027,"walk"
8028,"stand"
8029,"walk"
8030,"stand"
8031,"up"
8032,"sit"
8033,"sit"
8034,"up"
8035,"down"
8036,"up"
8037,"up"
8038,"lie_to_stand"
8039,"walk"
8040,"walk"
8041,"stand"
8042,"stand"
8043,"down"
8044,"sit"
8045,"walk"
8046,"lay"
8047,"up"
8048,"sit"
8049,"walk"
8050,"stand"
8051,"lay"
8052,"lay"
8053,"stand"
8054,"down"
8055,"down"
8056,"stand"
8057,"lay"
8058,"lay"
8059,"up"
8060,"down"
8061,"walk"
8062,"lay"
8063,"stand"
8064,"lay"
8065,"lay"
8066,"walk"
8067,"sit"
8068,"sit"
8069,"walk"
8070,"sit"
8071,"stand"
8072,"lay"
8073,"down"
8074,"up"
8075,"walk"
8076,"down"
8077,"lay"
8078,"sit"
8079,"walk"
8080,"sit"
8081,"lay"
8082,"up"
8083,"sit"
8084,"stand"
8085,"stand"
8086,"walk"
8087,"sit_to_lie"
8088,"walk"
8089,"stand_to_lie"
8090,"stand"
8091,"lay"
8092,"walk"
8093,"up"
8094,"up"
8095,"up"
8096,"lay"
8097,"lay"
8098,"sit"
8099,"walk"
8100,"down"
8101,"sit"
8102,"walk"
8103,"lay"
8104,"walk"
8105,"up"
8106,"sit"
8107,"sit"
8108,"lay"
8109,"stand"
8110,"walk"
8111,"stand_to_lie"
8112,"down"
8113,"stand"
8114,"up"
8115,"sit_to_lie"
8116,"walk"
8117,"stand"
8118,"walk"
8119,"lay"
8120,"sit"
8121,"sit"
8122,"walk"
8123,"lay"
8124,"stand"
8125,"up"
8126,"down"
8127,"walk"
8128,"stand_to_lie"
8129,"sit"
8130,"stand_to_lie"
8131,"sit"
8132,"sit"
8133,"down"
8134,"up"
8135,"sit"
8136,"lay"
8137,"down"
8138,"lay"
8139,"walk"
8140,"up"
8141,"stand"
8142,"stand"
8143,"walk"
8144,"lay"
8145,"walk"
8146,"stand"
8147,"walk"
8148,"lay"
8149,"sit"
8150,"walk"
8151,"stand"
8152,"lay"
8153,"down"
8154,"up"
8155,"stand"
8156,"up"
8157,"walk"
8158,"walk"
8159,"down"
8160,"walk"
8161,"stand"
8162,"walk"
8163,"stand"
8164,"stand"
8165,"up"
8166,"walk"
8167,"sit_to_stand"
8168,"lay"
8169,"stand"
8170,"walk"
8171,"walk"
8172,"up"
8173,"down"
8174,"lay"
8175,"stand"
8176,"lay"
8177,"up"
8178,"lay"
8179,"walk"
8180,"lay"
8181,"lay"
8182,"up"
8183,"walk"
8184,"walk"
8185,"walk"
8186,"up"
8187,"down"
8188,"sit"
8189,"walk"
8190,"stand"
8191,"walk"
8192,"walk"
8193,"up"
8194,"stand"
8195,"stand_to_lie"
8196,"stand"
8197,"stand"
8198,"stand"
8199,"sit"
8200,"lay"
8201,"sit"
8202,"stand_to_sit"
8203,"sit"
8204,"down"
8205,"lay"
8206,"stand"
8207,"stand"
8208,"sit"
8209,"stand"
8210,"stand"
8211,"sit"
8212,"up"
8213,"stand"
8214,"down"
8215,"lay"
8216,"stand"
8217,"down"
8218,"sit"
8219,"up"
8220,"lie_to_sit"
8221,"stand_to_lie"
8222,"sit_to_lie"
8223,"stand"
8224,"sit"
8225,"up"
8226,"sit"
8227,"stand"
8228,"sit"
8229,"down"
8230,"sit"
8231,"lay"
8232,"sit"
8233,"stand_to_sit"
8234,"walk"
8235,"down"
8236,"walk"
8237,"sit"
8238,"lay"
8239,"stand"
8240,"lay"
8241,"down"
8242,"up"
8243,"up"
8244,"sit"
8245,"stand"
8246,"stand_to_sit"
8247,"walk"
8248,"lay"
8249,"lay"
8250,"up"
8251,"sit"
8252,"walk"
8253,"lay"
8254,"lay"
8255,"walk"
8256,"up"
8257,"sit"
8258,"stand_to_lie"
8259,"down"
8260,"lay"
8261,"stand"
8262,"down"
8263,"lay"
8264,"lay"
8265,"up"
8266,"sit"
8267,"up"
8268,"down"
8269,"lay"
8270,"sit"
8271,"sit"
8272,"walk"
8273,"up"
8274,"stand"
8275,"up"
8276,"down"
8277,"up"
8278,"down"
8279,"sit"
8280,"stand"
8281,"sit"
8282,"lay"
8283,"sit"
8284,"up"
8285,"stand"
8286,"up"
8287,"sit"
8288,"up"
8289,"down"
8290,"sit"
8291,"lay"
8292,"up"
8293,"stand"
8294,"lay"
8295,"sit"
8296,"down"
8297,"lie_to_sit"
8298,"lay"
8299,"stand"
8300,"sit"
8301,"up"
8302,"walk"
8303,"sit"
8304,"up"
8305,"walk"
8306,"lay"
8307,"sit"
8308,"down"
8309,"up"
8310,"stand"
8311,"stand"
8312,"down"
8313,"down"
8314,"stand"
8315,"sit"
8316,"stand"
8317,"sit"
8318,"walk"
8319,"stand"
8320,"stand"
8321,"sit"
8322,"walk"
8323,"walk"
8324,"stand_to_sit"
8325,"lay"
8326,"lay"
8327,"walk"
8328,"down"
8329,"walk"
8330,"up"
8331,"up"
8332,"stand"
8333,"sit"
8334,"up"
8335,"lay"
8336,"lay"
8337,"stand"
8338,"walk"
8339,"up"
8340,"lay"
8341,"stand"
8342,"stand"
8343,"walk"
8344,"stand"
8345,"walk"
8346,"walk"
8347,"down"
8348,"up"
8349,"lay"
8350,"up"
8351,"lay"
8352,"stand"
8353,"lay"
8354,"sit"
8355,"stand"
8356,"sit"
8357,"lay"
8358,"up"
8359,"walk"
8360,"lay"
8361,"lay"
8362,"walk"
8363,"up"
8364,"up"
8365,"lay"
8366,"down"
8367,"stand"
8368,"down"
8369,"down"
8370,"stand"
8371,"sit_to_lie"
8372,"walk"
8373,"sit"
8374,"up"
8375,"stand_to_sit"
8376,"lay"
8377,"lie_to_sit"
8378,"walk"
8379,"sit"
8380,"down"
8381,"stand"
8382,"lay"
8383,"down"
8384,"sit"
8385,"stand_to_lie"
8386,"sit"
8387,"up"
8388,"walk"
8389,"lay"
8390,"sit"
8391,"stand"
8392,"sit"
8393,"stand"
8394,"sit_to_lie"
8395,"up"
8396,"walk"
8397,"down"
8398,"stand"
8399,"stand"
8400,"sit"
8401,"lay"
8402,"up"
8403,"walk"
8404,"walk"
8405,"lay"
8406,"stand"
8407,"up"
8408,"walk"
8409,"sit"
8410,"down"
8411,"sit"
8412,"down"
8413,"stand"
8414,"stand"
8415,"walk"
8416,"lie_to_sit"
8417,"walk"
8418,"lay"
8419,"stand"
8420,"lay"
8421,"walk"
8422,"stand"
8423,"down"
8424,"up"
8425,"stand"
8426,"up"
8427,"lay"
8428,"lay"
8429,"walk"
8430,"up"
8431,"stand"
8432,"sit"
8433,"walk"
8434,"down"
8435,"down"
8436,"up"
8437,"up"
8438,"stand"
8439,"lay"
8440,"walk"
8441,"down"
8442,"lay"
8443,"up"
8444,"stand"
8445,"stand"
8446,"up"
8447,"stand_to_lie"
8448,"stand"
8449,"walk"
8450,"stand"
8451,"lay"
8452,"down"
8453,"sit"
8454,"sit_to_lie"
8455,"up"
8456,"sit"
8457,"stand"
8458,"walk"
8459,"sit"
8460,"up"
8461,"walk"
8462,"walk"
8463,"down"
8464,"lay"
8465,"down"
8466,"walk"
8467,"up"
8468,"down"
8469,"sit"
8470,"down"
8471,"walk"
8472,"lay"
8473,"stand"
8474,"sit"
8475,"walk"
8476,"down"
8477,"sit"
8478,"sit"
8479,"lay"
8480,"walk"
8481,"lay"
8482,"walk"
8483,"sit"
8484,"sit"
8485,"down"
8486,"up"
8487,"down"
8488,"sit"
8489,"stand"
8490,"lay"
8491,"sit"
8492,"walk"
8493,"sit"
8494,"stand"
8495,"walk"
8496,"lay"
8497,"sit"
8498,"stand"
8499,"stand_to_lie"
8500,"down"
8501,"stand"
8502,"stand"
8503,"lay"
8504,"sit"
8505,"up"
8506,"walk"
8507,"lay"
8508,"sit"
8509,"stand"
8510,"up"
8511,"walk"
8512,"lay"
8513,"stand"
8514,"lay"
8515,"stand"
8516,"up"
8517,"down"
8518,"stand"
8519,"down"
8520,"down"
8521,"down"
8522,"sit"
8523,"stand"
8524,"up"
8525,"stand"
8526,"down"
8527,"walk"
8528,"lay"
8529,"lay"
8530,"down"
8531,"stand"
8532,"lie_to_stand"
8533,"stand"
8534,"walk"
8535,"sit"
8536,"lay"
8537,"sit"
8538,"sit_to_stand"
8539,"lie_to_stand"
8540,"lay"
8541,"walk"
8542,"lay"
8543,"sit_to_lie"
8544,"walk"
8545,"down"
8546,"sit"
8547,"walk"
8548,"lay"
8549,"up"
8550,"up"
8551,"walk"
8552,"lay"
8553,"lie_to_sit"
8554,"up"
8555,"walk"
8556,"lay"
8557,"down"
8558,"down"
8559,"down"
8560,"sit"
8561,"lay"
8562,"up"
8563,"lay"
8564,"lay"
8565,"up"
8566,"walk"
8567,"up"
8568,"sit"
8569,"stand"
8570,"walk"
8571,"down"
8572,"stand"
8573,"down"
8574,"lay"
8575,"down"
8576,"lay"
8577,"sit"
8578,"down"
8579,"stand"
8580,"stand_to_lie"
8581,"lay"
8582,"sit"
8583,"walk"
8584,"up"
8585,"up"
8586,"walk"
8587,"sit"
8588,"down"
8589,"up"
8590,"down"
8591,"lay"
8592,"lay"
8593,"lay"
8594,"down"
8595,"lay"
8596,"walk"
8597,"lay"
8598,"down"
8599,"lay"
8600,"down"
8601,"down"
8602,"stand"
8603,"stand_to_lie"
8604,"sit_to_lie"
8605,"stand"
8606,"lay"
8607,"down"
8608,"stand"
8609,"lay"
8610,"walk"
8611,"lay"
8612,"stand"
8613,"stand"
8614,"sit"
8615,"up"
8616,"up"
8617,"stand"
8618,"up"
8619,"sit"
8620,"sit"
8621,"walk"
8622,"down"
8623,"walk"
8624,"sit"
8625,"walk"
8626,"walk"
8627,"down"
8628,"walk"
8629,"walk"
8630,"sit"
8631,"sit"
8632,"walk"
8633,"sit"
8634,"sit"
8635,"stand"
8636,"up"
8637,"sit"
8638,"up"
8639,"sit"
8640,"stand"
8641,"up"
8642,"sit"
8643,"lay"
8644,"down"
8645,"sit"
8646,"lay"
8647,"walk"
8648,"down"
8649,"sit"
8650,"lay"
8651,"lay"
8652,"walk"
8653,"lay"
8654,"sit"
8655,"down"
8656,"walk"
8657,"walk"
8658,"stand"
8659,"up"
8660,"sit"
8661,"walk"
8662,"walk"
8663,"up"
8664,"lay"
8665,"walk"
8666,"stand"
8667,"stand"
8668,"sit"
8669,"stand"
8670,"up"
8671,"lay"
8672,"walk"
8673,"stand"
8674,"stand"
8675,"sit"
8676,"walk"
8677,"down"
8678,"sit"
8679,"walk"
8680,"walk"
8681,"down"
8682,"walk"
8683,"sit"
8684,"up"
8685,"down"
8686,"lay"
8687,"walk"
8688,"down"
8689,"sit"
8690,"walk"
8691,"stand"
8692,"down"
8693,"walk"
8694,"down"
8695,"sit"
8696,"sit"
8697,"lay"
8698,"down"
8699,"sit"
8700,"sit"
8701,"down"
8702,"down"
8703,"lie_to_stand"
8704,"lay"
8705,"sit"
8706,"up"
8707,"walk"
8708,"walk"
8709,"sit"
8710,"sit"
8711,"stand_to_sit"
8712,"down"
8713,"walk"
8714,"walk"
8715,"sit"
8716,"stand"
8717,"up"
8718,"walk"
8719,"walk"
8720,"stand"
8721,"sit"
8722,"lay"
8723,"up"
8724,"stand"
8725,"stand_to_lie"
8726,"sit"
8727,"down"
8728,"walk"
8729,"walk"
8730,"walk"
8731,"down"
8732,"walk"
8733,"walk"
8734,"lay"
8735,"down"
8736,"up"
8737,"walk"
8738,"stand"
8739,"sit"
8740,"lay"
8741,"lay"
8742,"walk"
8743,"up"
8744,"walk"
8745,"stand"
8746,"down"
8747,"stand"
8748,"stand"
8749,"walk"
8750,"sit"
8751,"stand"
8752,"walk"
8753,"walk"
8754,"stand"
8755,"sit"
8756,"stand"
8757,"stand"
8758,"up"
8759,"down"
8760,"sit_to_lie"
8761,"lay"
8762,"sit"
8763,"stand"
8764,"up"
8765,"walk"
8766,"down"
8767,"lay"
8768,"up"
8769,"sit"
8770,"stand"
8771,"sit"
8772,"lie_to_stand"
8773,"sit"
8774,"stand"
8775,"lay"
8776,"walk"
8777,"lay"
8778,"stand"
8779,"walk"
8780,"walk"
8781,"up"
8782,"sit"
8783,"sit"
8784,"walk"
8785,"lay"
8786,"walk"
8787,"down"
8788,"lay"
8789,"walk"
8790,"sit"
8791,"up"
8792,"stand"
8793,"lay"
8794,"up"
8795,"lay"
8796,"lay"
8797,"down"
8798,"stand"
8799,"lay"
8800,"walk"
8801,"lay"
8802,"lay"
8803,"walk"
8804,"down"
8805,"walk"
8806,"walk"
8807,"stand"
8808,"down"
8809,"stand"
8810,"down"
8811,"down"
8812,"walk"
8813,"stand"
8814,"down"
8815,"stand"
8816,"lay"
8817,"stand"
8818,"stand"
8819,"down"
8820,"down"
8821,"lay"
8822,"up"
8823,"walk"
8824,"sit"
8825,"down"
8826,"walk"
8827,"walk"
8828,"stand"
8829,"lay"
8830,"stand"
8831,"walk"
8832,"lay"
8833,"down"
8834,"stand"
8835,"stand"
8836,"lay"
8837,"sit"
8838,"walk"
8839,"walk"
8840,"up"
8841,"down"
8842,"sit"
8843,"lay"
8844,"sit"
8845,"sit"
8846,"sit"
8847,"down"
8848,"down"
8849,"sit"
8850,"sit"
8851,"down"
8852,"stand"
8853,"walk"
8854,"up"
8855,"lay"
8856,"down"
8857,"up"
8858,"down"
8859,"stand_to_sit"
8860,"walk"
8861,"down"
8862,"stand"
8863,"up"
8864,"up"
8865,"walk"
8866,"stand"
8867,"up"
8868,"lay"
8869,"stand"
8870,"walk"
8871,"down"
8872,"up"
8873,"stand"
8874,"lay"
8875,"walk"
8876,"sit"
8877,"down"
8878,"walk"
8879,"stand"
8880,"walk"
8881,"stand"
8882,"stand"
8883,"lay"
8884,"lay"
8885,"lie_to_sit"
8886,"up"
8887,"down"
8888,"sit"
8889,"lay"
8890,"walk"
8891,"walk"
8892,"lay"
8893,"up"
8894,"stand"
8895,"up"
8896,"down"
8897,"stand"
8898,"sit"
8899,"down"
8900,"stand"
8901,"up"
8902,"lay"
8903,"sit"
8904,"lie_to_stand"
8905,"sit"
8906,"sit_to_lie"
8907,"stand"
8908,"up"
8909,"stand_to_sit"
8910,"lay"
8911,"down"
8912,"lay"
8913,"up"
8914,"lay"
8915,"walk"
8916,"sit"
8917,"stand"
8918,"up"
8919,"stand"
8920,"walk"
8921,"down"
8922,"lay"
8923,"stand"
8924,"stand"
8925,"sit"
8926,"up"
8927,"walk"
8928,"walk"
8929,"stand"
8930,"down"
8931,"sit"
8932,"sit"
8933,"lay"
8934,"up"
8935,"up"
8936,"lay"
8937,"up"
8938,"stand"
8939,"walk"
8940,"up"
8941,"sit"
8942,"walk"
8943,"walk"
8944,"up"
8945,"sit"
8946,"sit"
8947,"up"
8948,"stand"
8949,"up"
8950,"up"
8951,"stand"
8952,"up"
8953,"stand"
8954,"sit"
8955,"down"
8956,"walk"
8957,"up"
8958,"up"
8959,"down"
8960,"sit"
8961,"stand"
8962,"up"
8963,"stand"
8964,"lie_to_stand"
8965,"lay"
8966,"up"
8967,"sit"
8968,"walk"
8969,"stand"
8970,"stand"
8971,"up"
8972,"walk"
8973,"up"
8974,"down"
8975,"down"
8976,"sit"
8977,"up"
8978,"stand"
8979,"down"
8980,"walk"
8981,"sit"
8982,"up"
8983,"sit"
8984,"lay"
8985,"walk"
8986,"up"
8987,"down"
8988,"stand"
8989,"sit_to_lie"
8990,"sit"
8991,"sit"
8992,"sit"
8993,"down"
8994,"down"
8995,"sit"
8996,"stand"
8997,"walk"
8998,"stand"
8999,"sit"
9000,"walk"
9001,"sit"
9002,"walk"
9003,"stand"
9004,"walk"
9005,"walk"
9006,"up"
9007,"sit"
9008,"sit"
9009,"up"
9010,"down"
9011,"sit"
9012,"walk"
9013,"walk"
9014,"lay"
9015,"stand"
9016,"down"
9017,"walk"
9018,"lay"
9019,"down"
9020,"lay"
9021,"up"
9022,"walk"
9023,"stand"
9024,"walk"
9025,"down"
9026,"walk"
9027,"up"
9028,"stand_to_lie"
9029,"lie_to_stand"
9030,"stand"
9031,"lay"
9032,"sit"
9033,"up"
9034,"down"
9035,"lay"
9036,"down"
9037,"up"
9038,"lay"
9039,"sit"
9040,"lay"
9041,"down"
9042,"stand"
9043,"stand"
9044,"lay"
9045,"stand"
9046,"sit_to_lie"
9047,"lay"
9048,"walk"
9049,"down"
9050,"up"
9051,"walk"
9052,"lay"
9053,"sit"
9054,"stand"
9055,"stand_to_sit"
9056,"lay"
9057,"walk"
9058,"lay"
9059,"down"
9060,"up"
9061,"lay"
9062,"lay"
9063,"stand_to_lie"
9064,"lay"
9065,"sit"
9066,"down"
9067,"down"
9068,"lay"
9069,"stand_to_lie"
9070,"up"
9071,"lay"
9072,"lay"
9073,"sit"
9074,"up"
9075,"stand"
9076,"down"
9077,"sit"
9078,"sit"
9079,"stand"
9080,"lay"
9081,"up"
9082,"walk"
9083,"lay"
9084,"lay"
9085,"down"
9086,"down"
9087,"walk"
9088,"down"
9089,"sit"
9090,"lay"
9091,"up"
9092,"walk"
9093,"down"
9094,"up"
9095,"sit"
9096,"up"
9097,"sit"
9098,"up"
9099,"sit"
9100,"up"
9101,"sit"
9102,"stand"
9103,"up"
9104,"lay"
9105,"lay"
9106,"stand"
9107,"walk"
9108,"stand"
9109,"walk"
9110,"walk"
9111,"stand_to_lie"
9112,"sit"
9113,"walk"
9114,"walk"
9115,"down"
9116,"walk"
9117,"walk"
9118,"up"
9119,"down"
9120,"sit"
9121,"walk"
9122,"walk"
9123,"stand_to_lie"
9124,"lay"
9125,"walk"
9126,"lay"
9127,"lay"
9128,"walk"
9129,"walk"
9130,"stand"
9131,"stand"
9132,"down"
9133,"sit"
9134,"down"
9135,"down"
9136,"up"
9137,"walk"
9138,"down"
9139,"lay"
9140,"walk"
9141,"stand"
9142,"sit"
9143,"down"
9144,"sit"
9145,"walk"
9146,"stand"
9147,"down"
9148,"walk"
9149,"up"
9150,"stand"
9151,"stand"
9152,"stand"
9153,"up"
9154,"up"
9155,"up"
9156,"walk"
9157,"up"
9158,"down"
9159,"stand"
9160,"lay"
9161,"up"
9162,"sit"
9163,"stand_to_lie"
9164,"down"
9165,"stand"
9166,"sit"
9167,"lay"
9168,"lay"
9169,"stand"
9170,"walk"
9171,"up"
9172,"sit"
9173,"walk"
9174,"down"
9175,"lay"
9176,"up"
9177,"walk"
9178,"walk"
9179,"sit"
9180,"stand"
9181,"walk"
9182,"stand"
9183,"sit"
9184,"walk"
9185,"lay"
9186,"down"
9187,"up"
9188,"down"
9189,"down"
9190,"sit"
9191,"lie_to_stand"
9192,"walk"
9193,"lay"
9194,"walk"
9195,"sit"
9196,"stand"
9197,"sit"
9198,"sit"
9199,"down"
9200,"down"
9201,"sit"
9202,"walk"
9203,"up"
9204,"sit"
9205,"sit"
9206,"walk"
9207,"lay"
9208,"walk"
9209,"lay"
9210,"walk"
9211,"lay"
9212,"stand"
9213,"stand"
9214,"down"
9215,"sit"
9216,"walk"
9217,"lay"
9218,"up"
9219,"stand"
9220,"sit"
9221,"stand"
9222,"stand"
9223,"lay"
9224,"lie_to_sit"
9225,"lay"
9226,"up"
9227,"sit"
9228,"stand"
9229,"up"
9230,"sit"
9231,"walk"
9232,"walk"
9233,"stand"
9234,"sit"
9235,"walk"
9236,"down"
9237,"sit"
9238,"walk"
9239,"stand"
9240,"up"
9241,"sit"
9242,"down"
9243,"lay"
9244,"sit"
9245,"sit"
9246,"stand_to_sit"
9247,"lay"
9248,"stand"
9249,"lay"
9250,"up"
9251,"walk"
9252,"sit"
9253,"sit"
9254,"up"
9255,"lay"
9256,"down"
9257,"up"
9258,"down"
9259,"up"
9260,"stand"
9261,"stand"
9262,"stand"
9263,"walk"
9264,"sit"
9265,"sit"
9266,"walk"
9267,"lay"
9268,"lay"
9269,"down"
9270,"sit"
9271,"stand"
9272,"lay"
9273,"up"
9274,"walk"
9275,"lay"
9276,"walk"
9277,"walk"
9278,"walk"
9279,"up"
9280,"lay"
9281,"lay"
9282,"sit"
9283,"stand"
9284,"sit"
9285,"lay"
9286,"down"
9287,"stand"
9288,"lay"
9289,"sit"
9290,"sit"
9291,"lay"
9292,"down"
9293,"stand"
9294,"lie_to_stand"
9295,"stand"
9296,"lay"
9297,"up"
9298,"up"
9299,"down"
9300,"up"
9301,"walk"
9302,"up"
9303,"lay"
9304,"stand"
9305,"stand"
9306,"up"
9307,"up"
9308,"up"
9309,"up"
9310,"walk"
9311,"lay"
9312,"stand_to_sit"
9313,"stand"
9314,"stand"
9315,"down"
9316,"up"
9317,"down"
9318,"up"
9319,"walk"
9320,"up"
9321,"walk"
9322,"lay"
9323,"sit"
9324,"sit"
9325,"stand"
9326,"down"
9327,"down"
9328,"stand"
9329,"down"
9330,"lay"
9331,"stand"
9332,"walk"
9333,"walk"
9334,"down"
9335,"lay"
9336,"sit_to_stand"
9337,"stand"
9338,"walk"
9339,"stand"
9340,"lay"
9341,"stand"
9342,"lay"
9343,"sit"
9344,"lay"
9345,"lay"
9346,"stand"
9347,"stand"
9348,"walk"
9349,"stand"
9350,"sit_to_lie"
9351,"sit"
9352,"lay"
9353,"lay"
9354,"up"
9355,"down"
9356,"up"
9357,"down"
9358,"sit"
9359,"stand"
9360,"up"
9361,"lay"
9362,"down"
9363,"down"
9364,"walk"
9365,"up"
9366,"stand"
9367,"sit_to_stand"
9368,"stand"
9369,"walk"
9370,"down"
9371,"lay"
9372,"up"
9373,"lay"
9374,"sit"
9375,"lay"
9376,"up"
9377,"down"
9378,"stand"
9379,"lie_to_stand"
9380,"walk"
9381,"up"
9382,"up"
9383,"stand"
9384,"stand"
9385,"sit"
9386,"up"
9387,"down"
9388,"walk"
9389,"up"
9390,"sit"
9391,"walk"
9392,"walk"
9393,"lay"
9394,"down"
9395,"sit"
9396,"down"
9397,"sit"
9398,"lay"
9399,"up"
9400,"sit"
9401,"down"
9402,"lay"
9403,"down"
9404,"down"
9405,"lay"
9406,"down"
9407,"down"
9408,"sit"
9409,"stand"
9410,"walk"
9411,"sit"
9412,"down"
9413,"lay"
9414,"sit"
9415,"walk"
9416,"stand_to_lie"
9417,"up"
9418,"down"
9419,"walk"
9420,"sit"
9421,"down"
9422,"stand"
9423,"stand"
9424,"down"
9425,"down"
9426,"down"
9427,"sit"
9428,"lay"
9429,"down"
9430,"lay"
9431,"lay"
9432,"lay"
9433,"lay"
9434,"sit"
9435,"up"
9436,"up"
9437,"up"
9438,"sit"
9439,"down"
9440,"lie_to_stand"
9441,"stand"
9442,"up"
9443,"sit"
9444,"down"
9445,"down"
9446,"walk"
9447,"sit_to_lie"
9448,"sit"
9449,"sit"
9450,"walk"
9451,"down"
9452,"down"
9453,"up"
9454,"up"
9455,"lay"
9456,"sit"
9457,"sit"
9458,"walk"
9459,"sit"
9460,"walk"
9461,"sit"
9462,"sit"
9463,"stand"
9464,"stand"
9465,"stand"
9466,"walk"
9467,"stand"
9468,"lay"
9469,"stand"
9470,"lay"
9471,"stand"
9472,"up"
9473,"stand"
9474,"stand"
9475,"down"
9476,"stand"
9477,"down"
9478,"sit"
9479,"up"
9480,"sit"
9481,"up"
9482,"stand"
9483,"lay"
9484,"up"
9485,"sit_to_lie"
9486,"down"
9487,"walk"
9488,"lay"
9489,"stand"
9490,"walk"
9491,"stand"
9492,"lay"
9493,"lay"
9494,"up"
9495,"sit"
9496,"stand"
9497,"up"
9498,"sit"
9499,"walk"
9500,"up"
9501,"up"
9502,"stand"
9503,"sit"
9504,"lay"
9505,"stand"
9506,"stand_to_lie"
9507,"stand"
9508,"down"
9509,"down"
9510,"sit"
9511,"stand"
9512,"down"
9513,"lay"
9514,"lay"
9515,"lie_to_stand"
9516,"stand"
9517,"stand_to_lie"
9518,"walk"
9519,"stand_to_lie"
9520,"sit"
9521,"sit"
9522,"down"
9523,"sit"
9524,"sit"
9525,"lay"
9526,"stand"
9527,"down"
9528,"stand"
9529,"up"
9530,"walk"
9531,"lay"
9532,"down"
9533,"stand"
9534,"sit"
9535,"stand"
9536,"stand"
9537,"lay"
9538,"sit"
9539,"sit"
9540,"sit"
9541,"sit"
9542,"lay"
9543,"up"
9544,"up"
9545,"stand"
9546,"up"
9547,"walk"
9548,"sit_to_lie"
9549,"stand_to_lie"
9550,"up"
9551,"stand"
9552,"lay"
9553,"down"
9554,"stand"
9555,"stand"
9556,"stand"
9557,"stand"
9558,"stand"
9559,"stand"
9560,"up"
9561,"down"
9562,"stand"
9563,"sit"
9564,"lie_to_sit"
9565,"sit"
9566,"stand_to_lie"
9567,"walk"
9568,"walk"
9569,"walk"
9570,"up"
9571,"lay"
9572,"lay"
9573,"lay"
9574,"lay"
9575,"sit"
9576,"sit"
9577,"up"
9578,"lay"
9579,"sit"
9580,"sit"
9581,"up"
9582,"sit_to_lie"
9583,"down"
9584,"sit"
9585,"stand_to_sit"
9586,"down"
9587,"up"
9588,"sit"
9589,"sit"
9590,"lay"
9591,"stand"
9592,"lay"
9593,"stand"
9594,"sit"
9595,"up"
9596,"lay"
9597,"walk"
9598,"stand"
9599,"down"
9600,"stand_to_lie"
9601,"lay"
9602,"lay"
9603,"sit"
9604,"stand"
9605,"stand"
9606,"up"
9607,"sit"
9608,"lay"
9609,"walk"
9610,"walk"
9611,"stand"
9612,"up"
9613,"lay"
9614,"stand"
9615,"lay"
9616,"walk"
9617,"lay"
9618,"walk"
9619,"down"
9620,"lay"
9621,"stand"
9622,"up"
9623,"up"
9624,"stand"
9625,"sit_to_stand"
9626,"up"
9627,"down"
9628,"down"
9629,"up"
9630,"stand"
9631,"stand"
9632,"walk"
9633,"up"
9634,"stand"
9635,"lay"
9636,"walk"
9637,"walk"
9638,"stand_to_sit"
9639,"up"
9640,"lay"
9641,"up"
9642,"lay"
9643,"walk"
9644,"walk"
9645,"walk"
9646,"lay"
9647,"stand"
9648,"down"
9649,"walk"
9650,"sit"
9651,"lay"
9652,"sit_to_lie"
9653,"down"
9654,"lay"
9655,"sit"
9656,"sit"
9657,"down"
9658,"lie_to_stand"
9659,"down"
9660,"stand"
9661,"lie_to_stand"
9662,"sit"
9663,"sit"
9664,"stand_to_lie"
9665,"lay"
9666,"lay"
9667,"sit"
9668,"lay"
9669,"stand"
9670,"up"
9671,"walk"
9672,"sit"
9673,"up"
9674,"lay"
9675,"down"
9676,"lay"
9677,"up"
9678,"up"
9679,"up"
9680,"sit"
9681,"sit"
9682,"lay"
9683,"stand"
9684,"sit"
9685,"walk"
9686,"sit"
9687,"stand_to_sit"
9688,"stand"
9689,"stand"
9690,"walk"
9691,"stand"
9692,"stand"
9693,"lay"
9694,"walk"
9695,"up"
9696,"up"
9697,"sit"
9698,"lie_to_sit"
9699,"lay"
9700,"walk"
9701,"sit"
9702,"stand"
9703,"walk"
9704,"up"
9705,"up"
9706,"sit"
9707,"up"
9708,"lay"
9709,"sit"
9710,"stand"
9711,"down"
9712,"lay"
9713,"walk"
9714,"sit"
9715,"stand"
9716,"up"
9717,"stand"
9718,"up"
9719,"down"
9720,"stand"
9721,"stand"
9722,"lay"
9723,"walk"
9724,"up"
9725,"lay"
9726,"down"
9727,"stand"
9728,"walk"
9729,"up"
9730,"stand"
9731,"sit"
9732,"walk"
9733,"lay"
9734,"up"
9735,"up"
9736,"up"
9737,"sit"
9738,"stand"
9739,"lay"
9740,"lay"
9741,"stand"
9742,"up"
9743,"lay"
9744,"down"
9745,"sit"
9746,"up"
9747,"down"
9748,"sit"
9749,"lay"
9750,"up"
9751,"lay"
9752,"stand_to_lie"
9753,"stand_to_lie"
9754,"up"
9755,"down"
9756,"up"
9757,"walk"
9758,"walk"
9759,"stand_to_sit"
9760,"walk"
9761,"walk"
9762,"down"
9763,"stand_to_lie"
9764,"stand"
9765,"up"
9766,"stand"
9767,"walk"
9768,"walk"
9769,"up"
9770,"up"
9771,"sit"
9772,"up"
9773,"stand"
9774,"sit"
9775,"stand"
9776,"lay"
9777,"stand"
9778,"stand"
9779,"walk"
9780,"sit"
9781,"down"
9782,"lay"
9783,"stand_to_lie"
9784,"down"
9785,"stand"
9786,"sit"
9787,"up"
9788,"sit"
9789,"sit"
9790,"lay"
9791,"down"
9792,"down"
9793,"sit"
9794,"stand_to_sit"
9795,"stand"
9796,"lay"
9797,"sit"
9798,"down"
9799,"up"
9800,"lay"
9801,"stand"
9802,"lay"
9803,"stand"
9804,"sit"
9805,"walk"
9806,"lay"
9807,"lay"
9808,"sit"
9809,"walk"
9810,"lay"
9811,"lay"
9812,"down"
9813,"stand"
9814,"sit"
9815,"stand"
9816,"sit_to_stand"
9817,"lay"
9818,"up"
9819,"stand"
9820,"up"
9821,"up"
9822,"walk"
9823,"up"
9824,"stand"
9825,"sit"
9826,"walk"
9827,"sit"
9828,"up"
9829,"stand"
9830,"stand"
9831,"lie_to_stand"
9832,"stand"
9833,"up"
9834,"walk"
9835,"walk"
9836,"sit"
9837,"lay"
9838,"lay"
9839,"lay"
9840,"stand"
9841,"sit"
9842,"lay"
9843,"down"
9844,"stand_to_lie"
9845,"down"
9846,"walk"
9847,"sit"
9848,"stand"
9849,"sit"
9850,"lay"
9851,"down"
9852,"up"
9853,"up"
9854,"sit_to_lie"
9855,"down"
9856,"down"
9857,"down"
9858,"lay"
9859,"sit"
9860,"lay"
9861,"down"
9862,"stand_to_lie"
9863,"sit"
9864,"stand"
9865,"down"
9866,"sit"
9867,"sit"
9868,"lay"
9869,"sit"
9870,"sit"
9871,"up"
9872,"down"
9873,"stand"
9874,"walk"
9875,"sit"
9876,"stand"
9877,"stand"
9878,"stand"
9879,"sit"
9880,"up"
9881,"down"
9882,"walk"
9883,"up"
9884,"walk"
9885,"walk"
9886,"lay"
9887,"up"
9888,"lay"
9889,"stand"
9890,"up"
9891,"lay"
9892,"lay"
9893,"sit"
9894,"sit"
9895,"sit_to_lie"
9896,"walk"
9897,"sit"
9898,"up"
9899,"stand"
9900,"lay"
9901,"sit"
9902,"lay"
9903,"stand"
9904,"sit"
9905,"lay"
9906,"lay"
9907,"walk"
9908,"stand"
9909,"stand"
9910,"sit"
9911,"up"
9912,"walk"
9913,"up"
9914,"stand"
9915,"stand_to_lie"
9916,"stand"
9917,"lay"
9918,"stand"
9919,"lay"
9920,"down"
9921,"stand"
9922,"walk"
9923,"up"
9924,"stand"
9925,"lay"
9926,"stand"
9927,"down"
9928,"lay"
9929,"down"
9930,"stand"
9931,"down"
9932,"down"
9933,"walk"
9934,"sit"
9935,"sit"
9936,"stand"
9937,"lay"
9938,"sit"
9939,"down"
9940,"down"
9941,"sit"
9942,"up"
9943,"stand"
9944,"up"
9945,"walk"
9946,"lay"
9947,"lay"
9948,"sit"
9949,"lay"
9950,"sit"
9951,"up"
9952,"up"
9953,"walk"
9954,"down"
9955,"stand"
9956,"stand"
9957,"up"
9958,"up"
9959,"stand"
9960,"sit"
9961,"stand"
9962,"down"
9963,"stand"
9964,"sit"
9965,"sit_to_lie"
9966,"lay"
9967,"sit"
9968,"walk"
9969,"lay"
9970,"stand"
9971,"sit"
9972,"up"
9973,"up"
9974,"down"
9975,"stand"
9976,"walk"
9977,"lay"
9978,"down"
9979,"up"
9980,"down"
9981,"up"
9982,"stand"
9983,"lay"
9984,"up"
9985,"walk"
9986,"stand"
9987,"sit"
9988,"sit"
9989,"up"
9990,"sit_to_stand"
9991,"stand_to_sit"
9992,"lay"
9993,"walk"
9994,"lay"
9995,"up"
9996,"down"
9997,"down"
9998,"walk"
9999,"walk"
10000,"down"
10001,"lay"
10002,"up"
10003,"walk"
10004,"walk"
10005,"lie_to_stand"
10006,"lay"
10007,"stand"
10008,"walk"
10009,"lay"
10010,"down"
10011,"up"
10012,"stand"
10013,"walk"
10014,"lay"
10015,"walk"
10016,"walk"
10017,"sit"
10018,"lay"
10019,"walk"
10020,"up"
10021,"down"
10022,"walk"
10023,"lay"
10024,"sit"
10025,"down"
10026,"sit"
10027,"lay"
10028,"stand"
10029,"sit"
10030,"down"
10031,"lay"
10032,"lay"
10033,"up"
10034,"walk"
10035,"lay"
10036,"stand"
10037,"up"
10038,"lay"
10039,"stand"
10040,"up"
10041,"up"
10042,"lay"
10043,"lay"
10044,"walk"
10045,"stand"
10046,"sit"
10047,"walk"
10048,"lay"
10049,"stand"
10050,"lay"
10051,"walk"
10052,"stand"
10053,"stand_to_sit"
10054,"lay"
10055,"up"
10056,"lay"
10057,"sit"
10058,"walk"
10059,"down"
10060,"lay"
10061,"up"
10062,"walk"
10063,"sit_to_lie"
10064,"lay"
10065,"sit"
10066,"walk"
10067,"down"
10068,"stand"
10069,"walk"
10070,"lay"
10071,"sit_to_lie"
10072,"walk"
10073,"walk"
10074,"sit"
10075,"sit"
10076,"sit"
10077,"walk"
10078,"lay"
10079,"up"
10080,"walk"
10081,"stand"
10082,"lie_to_sit"
10083,"sit"
10084,"down"
10085,"stand"
10086,"stand"
10087,"up"
10088,"down"
10089,"sit"
10090,"sit"
10091,"stand"
10092,"lie_to_sit"
10093,"stand"
10094,"sit"
10095,"lay"
10096,"lay"
10097,"stand"
10098,"walk"
10099,"lay"
10100,"lay"
10101,"stand"
10102,"down"
10103,"up"
10104,"sit"
10105,"sit"
10106,"walk"
10107,"up"
10108,"up"
10109,"stand"
10110,"stand"
10111,"walk"
10112,"walk"
10113,"walk"
10114,"down"
10115,"down"
10116,"sit"
10117,"lay"
10118,"up"
10119,"walk"
10120,"up"
10121,"down"
10122,"lay"
10123,"down"
10124,"walk"
10125,"sit"
10126,"lay"
10127,"stand"
10128,"sit"
10129,"sit"
10130,"stand"
10131,"up"
10132,"lay"
10133,"sit"
10134,"lay"
10135,"lay"
10136,"down"
10137,"sit"
10138,"lay"
10139,"up"
10140,"stand"
10141,"up"
10142,"up"
10143,"up"
10144,"lie_to_stand"
10145,"stand"
10146,"stand"
10147,"up"
10148,"stand"
10149,"stand"
10150,"down"
10151,"walk"
10152,"down"
10153,"stand"
10154,"sit"
10155,"lay"
10156,"sit"
10157,"down"
10158,"stand"
10159,"stand"
10160,"lay"
10161,"lay"
10162,"walk"
10163,"lie_to_sit"
10164,"walk"
10165,"lay"
10166,"lay"
10167,"lie_to_stand"
10168,"stand"
10169,"sit"
10170,"lay"
10171,"walk"
10172,"stand"
10173,"down"
10174,"down"
10175,"walk"
10176,"stand"
10177,"down"
10178,"stand"
10179,"sit"
10180,"up"
10181,"walk"
10182,"stand"
10183,"stand"
10184,"down"
10185,"stand"
10186,"walk"
10187,"up"
10188,"stand"
10189,"lay"
10190,"down"
10191,"lay"
10192,"down"
10193,"stand"
10194,"sit"
10195,"lay"
10196,"stand"
10197,"down"
10198,"stand"
10199,"lay"
10200,"up"
10201,"down"
10202,"up"
10203,"sit"
10204,"lay"
10205,"down"
10206,"walk"
10207,"up"
10208,"down"
10209,"sit"
10210,"stand_to_lie"
10211,"sit"
10212,"down"
10213,"lay"
10214,"stand"
10215,"sit"
10216,"lie_to_sit"
10217,"lay"
10218,"stand"
10219,"stand"
10220,"lay"
10221,"down"
10222,"lay"
10223,"lay"
10224,"stand"
10225,"sit"
10226,"sit"
10227,"lie_to_stand"
10228,"walk"
10229,"up"
10230,"lay"
10231,"down"
10232,"lay"
10233,"up"
10234,"sit"
10235,"down"
10236,"up"
10237,"down"
10238,"down"
10239,"lay"
10240,"down"
10241,"lay"
10242,"down"
10243,"sit"
10244,"up"
10245,"stand"
10246,"stand"
10247,"lay"
10248,"lay"
10249,"lay"
10250,"stand"
10251,"down"
10252,"stand"
10253,"stand"
10254,"stand"
10255,"stand"
10256,"stand"
10257,"lay"
10258,"stand"
10259,"lay"
10260,"sit"
10261,"lay"
10262,"sit"
10263,"walk"
10264,"up"
10265,"walk"
10266,"stand"
10267,"sit"
10268,"stand"
10269,"sit"
10270,"sit"
10271,"up"
10272,"lay"
10273,"up"
10274,"stand"
10275,"sit"
10276,"stand_to_lie"
10277,"lay"
10278,"lay"
10279,"stand"
10280,"down"
10281,"sit"
10282,"walk"
10283,"sit"
10284,"stand"
10285,"lay"
10286,"lay"
10287,"walk"
10288,"lay"
10289,"up"
10290,"stand"
10291,"stand"
10292,"up"
10293,"down"
10294,"down"
10295,"stand"
10296,"down"
10297,"lay"
10298,"down"
10299,"lay"
10300,"sit"
10301,"down"
10302,"sit"
10303,"stand"
10304,"walk"
10305,"lay"
10306,"stand"
10307,"lay"
10308,"up"
10309,"walk"
10310,"down"
10311,"walk"
10312,"sit_to_lie"
10313,"sit"
10314,"lay"
10315,"up"
10316,"lay"
10317,"down"
10318,"lay"
10319,"lay"
10320,"up"
10321,"stand"
10322,"down"
10323,"sit"
10324,"sit"
10325,"up"
10326,"down"
10327,"sit"
10328,"down"
10329,"sit"
10330,"sit"
10331,"lay"
10332,"lay"
10333,"down"
10334,"lay"
10335,"down"
10336,"up"
10337,"up"
10338,"lie_to_stand"
10339,"up"
10340,"up"
10341,"down"
10342,"lay"
10343,"lay"
10344,"stand"
10345,"sit"
10346,"stand_to_lie"
10347,"lay"
10348,"lay"
10349,"sit"
10350,"walk"
10351,"stand"
10352,"sit"
10353,"stand"
10354,"lay"
10355,"stand"
10356,"walk"
10357,"up"
10358,"up"
10359,"down"
10360,"lay"
10361,"stand"
10362,"walk"
10363,"lay"
10364,"stand"
10365,"sit_to_lie"
10366,"down"
10367,"sit"
10368,"up"
10369,"up"
10370,"sit"
10371,"sit"
10372,"up"
10373,"sit"
10374,"stand_to_lie"
10375,"stand"
10376,"stand"
10377,"walk"
10378,"lay"
10379,"walk"
10380,"up"
10381,"lay"
10382,"up"
10383,"sit"
10384,"lay"
10385,"stand"
10386,"walk"
10387,"walk"
10388,"lay"
10389,"sit"
10390,"down"
10391,"stand"
10392,"stand"
10393,"down"
10394,"lie_to_sit"
10395,"lay"
10396,"stand"
10397,"sit"
10398,"lay"
10399,"stand_to_sit"
10400,"walk"
10401,"lay"
10402,"sit"
10403,"down"
10404,"sit"
10405,"sit"
10406,"sit"
10407,"down"
10408,"sit"
10409,"sit_to_stand"
10410,"walk"
10411,"sit"
10412,"sit"
10413,"up"
10414,"stand_to_lie"
10415,"up"
10416,"up"
10417,"stand"
10418,"lay"
10419,"sit"
10420,"lay"
10421,"stand"
10422,"lay"
10423,"walk"
10424,"walk"
10425,"walk"
10426,"sit"
10427,"stand_to_sit"
10428,"walk"
10429,"down"
10430,"walk"
10431,"sit"
10432,"up"
10433,"stand"
10434,"lay"
10435,"walk"
10436,"lie_to_stand"
10437,"stand"
10438,"down"
10439,"up"
10440,"up"
10441,"walk"
10442,"stand"
10443,"walk"
10444,"sit"
10445,"sit_to_lie"
10446,"lay"
10447,"stand"
10448,"up"
10449,"down"
10450,"lay"
10451,"up"
10452,"walk"
10453,"up"
10454,"down"
10455,"sit"
10456,"down"
10457,"sit"
10458,"walk"
10459,"down"
10460,"sit"
10461,"lie_to_stand"
10462,"up"
10463,"sit"
10464,"up"
10465,"walk"
10466,"stand"
10467,"lie_to_sit"
10468,"up"
10469,"down"
10470,"sit"
10471,"sit"
10472,"walk"
10473,"lay"
10474,"stand"
10475,"up"
10476,"up"
10477,"lie_to_sit"
10478,"down"
10479,"lay"
10480,"walk"
10481,"lay"
10482,"stand"
10483,"lay"
10484,"lay"
10485,"stand"
10486,"up"
10487,"up"
10488,"down"
10489,"lay"
10490,"walk"
10491,"down"
10492,"lay"
10493,"walk"
10494,"lay"
10495,"down"
10496,"walk"
10497,"stand"
10498,"up"
10499,"up"
10500,"walk"
10501,"up"
10502,"up"
10503,"walk"
10504,"sit"
10505,"up"
10506,"down"
10507,"lay"
10508,"stand"
10509,"sit"
10510,"down"
10511,"sit"
10512,"lay"
10513,"sit"
10514,"down"
10515,"stand"
10516,"down"
10517,"sit"
10518,"stand"
10519,"up"
10520,"stand"
10521,"sit"
10522,"stand"
10523,"sit_to_lie"
10524,"stand"
10525,"sit"
10526,"sit"
10527,"lay"
10528,"up"
10529,"stand"
10530,"lay"
10531,"sit"
10532,"lay"
10533,"stand_to_lie"
10534,"stand"
10535,"down"
10536,"stand_to_lie"
10537,"stand"
10538,"down"
10539,"down"
10540,"walk"
10541,"up"
10542,"walk"
10543,"stand"
10544,"stand"
10545,"sit"
10546,"down"
10547,"up"
10548,"up"
10549,"lay"
10550,"down"
10551,"stand"
10552,"up"
10553,"up"
10554,"lay"
10555,"sit"
10556,"lay"
10557,"walk"
10558,"walk"
10559,"walk"
10560,"up"
10561,"lay"
10562,"sit"
10563,"lay"
10564,"walk"
10565,"lay"
10566,"lay"
10567,"stand"
10568,"walk"
10569,"sit"
10570,"stand"
10571,"up"
10572,"sit"
10573,"up"
10574,"sit"
10575,"sit_to_lie"
10576,"lay"
10577,"walk"
10578,"sit"
10579,"down"
10580,"sit"
10581,"sit"
10582,"down"
10583,"sit_to_stand"
10584,"sit"
10585,"walk"
10586,"up"
10587,"sit"
10588,"sit"
10589,"down"
10590,"lay"
10591,"lay"
10592,"up"
10593,"down"
10594,"up"
10595,"up"
10596,"up"
10597,"walk"
10598,"down"
10599,"down"
10600,"walk"
10601,"down"
10602,"lay"
10603,"stand"
10604,"down"
10605,"walk"
10606,"walk"
10607,"walk"
10608,"sit"
10609,"stand_to_sit"
10610,"lay"
10611,"up"
10612,"stand"
10613,"down"
10614,"walk"
10615,"lay"
10616,"lie_to_sit"
10617,"up"
10618,"lay"
10619,"walk"
10620,"stand"
10621,"sit"
10622,"up"
10623,"down"
10624,"walk"
10625,"lay"
10626,"walk"
10627,"walk"
10628,"stand"
10629,"walk"
10630,"walk"
10631,"stand"
10632,"lay"
10633,"stand"
10634,"down"
10635,"lay"
10636,"lay"
10637,"walk"
10638,"sit"
10639,"stand"
10640,"lay"
10641,"walk"
10642,"down"
10643,"stand"
10644,"lay"
10645,"stand"
10646,"walk"
10647,"sit"
10648,"lie_to_sit"
10649,"walk"
10650,"up"
10651,"stand"
10652,"walk"
10653,"lay"
10654,"lay"
10655,"sit"
10656,"lay"
10657,"up"
10658,"lay"
10659,"down"
10660,"walk"
10661,"stand"
10662,"up"
10663,"lay"
10664,"up"
10665,"stand"
10666,"lay"
10667,"up"
10668,"up"
10669,"sit"
10670,"walk"
10671,"down"
10672,"lay"
10673,"stand"
10674,"down"
10675,"up"
10676,"walk"
10677,"stand"
10678,"up"
10679,"lie_to_sit"
10680,"down"
10681,"stand"
10682,"down"
10683,"lay"
10684,"sit"
10685,"lay"
10686,"stand"
10687,"stand"
10688,"walk"
10689,"down"
10690,"lay"
10691,"stand"
10692,"up"
10693,"walk"
10694,"lay"
10695,"stand"
10696,"lay"
10697,"stand"
10698,"lay"
10699,"lie_to_sit"
10700,"walk"
10701,"sit"
10702,"walk"
10703,"lay"
10704,"lay"
10705,"stand"
10706,"walk"
10707,"lay"
10708,"sit"
10709,"stand"
10710,"sit"
10711,"lay"
10712,"stand"
10713,"walk"
10714,"walk"
10715,"walk"
10716,"up"
10717,"lay"
10718,"walk"
10719,"down"
10720,"lay"
10721,"lay"
10722,"sit"
10723,"stand"
10724,"stand"
10725,"up"
10726,"stand"
10727,"lay"
10728,"stand"
10729,"stand_to_lie"
10730,"sit"
10731,"lay"
10732,"up"
10733,"walk"
10734,"lie_to_sit"
10735,"stand"
10736,"lay"
10737,"sit"
10738,"down"
10739,"up"
10740,"up"
10741,"down"
10742,"sit"
10743,"up"
10744,"lie_to_stand"
10745,"sit"
10746,"up"
10747,"walk"
10748,"stand"
10749,"down"
10750,"up"
10751,"stand_to_lie"
10752,"stand"
10753,"stand"
10754,"down"
10755,"down"
10756,"walk"
10757,"sit"
10758,"down"
10759,"lay"
10760,"sit"
10761,"stand_to_lie"
10762,"up"
10763,"sit"
10764,"up"
10765,"stand"
10766,"lie_to_stand"
10767,"stand"
10768,"walk"
10769,"stand"
10770,"up"
10771,"stand"
10772,"lay"
10773,"lay"
10774,"sit"
10775,"stand"
10776,"walk"
10777,"sit"
10778,"walk"
10779,"sit_to_lie"
10780,"stand"
10781,"sit"
10782,"sit"
10783,"up"
10784,"up"
10785,"up"
10786,"sit"
10787,"up"
10788,"down"
10789,"stand_to_lie"
10790,"stand_to_lie"
10791,"stand"
10792,"lay"
10793,"lay"
10794,"sit"
10795,"sit"
10796,"stand"
10797,"stand"
10798,"down"
10799,"stand"
10800,"down"
10801,"down"
10802,"down"
10803,"up"
10804,"stand"
10805,"stand"
10806,"stand"
10807,"stand"
10808,"walk"
10809,"walk"
10810,"lay"
10811,"stand"
10812,"lay"
10813,"sit"
10814,"lay"
10815,"up"
10816,"down"
10817,"walk"
10818,"sit"
10819,"sit"
10820,"up"
10821,"down"
10822,"up"
10823,"walk"
10824,"lay"
10825,"walk"
10826,"stand"
10827,"down"
10828,"stand"
10829,"sit"
10830,"up"
10831,"walk"
10832,"up"
10833,"lie_to_stand"
10834,"sit"
10835,"lay"
10836,"sit"
10837,"up"
10838,"up"
10839,"sit"
10840,"lay"
10841,"lay"
10842,"sit"
10843,"lay"
10844,"lay"
10845,"up"
10846,"up"
10847,"stand"
10848,"sit"
10849,"up"
10850,"walk"
10851,"sit"
10852,"lay"
10853,"stand"
10854,"sit"
10855,"down"
10856,"down"
10857,"down"
10858,"up"
10859,"walk"
10860,"up"
10861,"stand"
10862,"sit"
10863,"down"
10864,"down"
10865,"sit"
10866,"up"
10867,"stand"
10868,"sit"
10869,"walk"
10870,"stand"
10871,"up"
10872,"sit"
10873,"up"
10874,"down"
10875,"stand_to_lie"
10876,"stand"
10877,"walk"
10878,"stand"
10879,"up"
10880,"sit_to_lie"
10881,"stand"
10882,"walk"
10883,"up"
10884,"down"
10885,"walk"
10886,"walk"
10887,"stand"
10888,"down"
10889,"walk"
10890,"sit"
10891,"down"
10892,"up"
10893,"stand"
10894,"up"
10895,"up"
10896,"stand"
10897,"sit"
10898,"sit"
10899,"lay"
10900,"up"
10901,"down"
10902,"sit"
10903,"down"
10904,"lay"
10905,"stand_to_lie"
10906,"walk"
10907,"up"
10908,"stand"
10909,"lay"
10910,"walk"
10911,"stand"
10912,"stand"
10913,"stand"
10914,"up"
10915,"lay"
10916,"sit"
10917,"walk"
10918,"stand"
10919,"lay"
10920,"lay"
10921,"down"
10922,"lie_to_stand"
10923,"up"
10924,"up"
10925,"up"
10926,"sit"
10927,"stand"
10928,"stand"
10929,"lay"
